day,mean,median,min,max,count
monday,313.2113095238095,138.0,0,2248,336
tuesday,314.22089552238805,116.0,0,1964,335
wednesday,340.93134328358207,132.0,0,2323,335
thursday,311.3223880597015,113.0,0,2228,335
friday,257.14156626506025,110.5,0,1811,332
saturday,126.35463258785943,72.0,0,1031,313
sunday,130.9647435897436,79.0,0,1083,312
